Account address,Show boosts
binarypool@infosec.exchange,true
navlys_@infosec.exchange,true
webbreacher@infosec.exchange,true
c3n7ral051nt4g3ncy@infosec.exchange,true
SEINT@infosec.exchange,true
gonzo@0sint.social,true
tek@todon.eu,true
n0kovo@infosec.exchange,true
noneprivacy@0sint.social,true
edent@mastodon.social,true
irohsint@0sint.social,true
pruvisto@graz.social,true
commanderroot@mastodon.social,true
InfoSecSherpa@infosec.exchange,true
nixintel@mastodon.social,true
hatless1der@infosec.exchange,true
osint_research@0sint.social,true
OSINTtechniques@mastodon.social,true
osintessentials@mastodon.online,true
sin@infosec.exchange,true
defcon@defcon.social,true
tradecraft@noc.social,true
cyb_detective@0sint.social,true
secou@mastodon.social,true
osintunleashed@0sint.social,true
osinttechnical@mstdn.social,true
cybersecstu@mastodon.social,true
ivre@infosec.exchange,true
caffix@infosec.exchange,true
zaproxy@infosec.exchange,true
metasploit@infosec.exchange,true
podalirius@infosec.exchange,true
evilsocket@automa.sh,true
droe@infosec.exchange,true
schweikert@hostux.social,true
autumnalbee@tech.lgbt,true
frozen@metalhead.club,true
robertswiecki@infosec.exchange,true
epi@infosec.exchange,true
tomnomnom@mastodon.lol,true
webtonull@infosec.exchange,true
kozmic@infosec.exchange,true
r00t0v3rr1d3@infosec.exchange,true
alobbs@mastodon.social,true
gregcastle@infosec.exchange,true
ChristinaLekati@infosec.exchange,true
fiete@mastodon.social,true
